{
  "n_prim": 128,
  "m_real": 64,
  "n_strategies": 7,
  "species": [
    "electron",
    "muon"
  ],
  "recenter": true,
  "fire_eps": 0.001,
  "corpus_std": {
    "E": 3.2736551761627197,
    "T": 0.7574838995933533
  },
  "corpus_std_fired": {
    "E": 3.7272393703460693,
    "T": 0.9949802160263062
  },
  "label_stats": {
    "corpus": {
      "E_all": {
        "min": 0.0,
        "max": 88.68660736083984,
        "mean": 1.8991302251815796,
        "std": 3.2736551761627197,
        "z_min": -0.5801253103901074,
        "z_max": 26.510879266578083,
        "z_range": 27.091004576968192
      },
      "E_fired": {
        "min": 0.0010000003967434168,
        "max": 88.68660736083984,
        "mean": 4.34455680847168,
        "std": 3.7272393703460693,
        "z_min": -1.1653549387335547,
        "z_max": 22.628557538695755,
        "z_range": 23.79391247742931
      },
      "T_all": {
        "min": -0.11290936917066574,
        "max": 20.954225540161133,
        "mean": 0.3299943804740906,
        "std": 0.7574838995933533,
        "z_min": -0.5847038463557103,
        "z_max": 27.227286508345497,
        "z_range": 27.81199035470121
      },
      "T_fired": {
        "min": -0.11290936917066574,
        "max": 14.308712005615234,
        "mean": 0.7545720338821411,
        "std": 0.9949802160263062,
        "z_min": -0.8718579415752641,
        "z_max": 13.622522089800766,
        "z_range": 14.49438003137603
      }
    },
    "generated": {
      "E": {
        "min": 0.0,
        "max": 27.95709991455078,
        "mean": 1.9249564409255981,
        "std": 3.3154783248901367,
        "z_min": -0.5805969010487754,
        "z_max": 7.851700696757773,
        "z_range": 8.43229759780655
      },
      "T": {
        "min": -0.0002996750990860164,
        "max": 15.074252128601074,
        "mean": 0.33381617069244385,
        "std": 0.7650989294052124,
        "z_min": -0.4366962662609806,
        "z_max": 19.266052259892508,
        "z_range": 19.70274852615349
      }
    }
  },
  "within_group_std": {
    "E": 2.1598939895629883,
    "T": 0.5156291127204895
  },
  "within_group_std_fired": {
    "E": 2.9324140548706055,
    "T": 0.7596373558044434
  },
  "fired_fraction": 0.4322098195552826,
  "floor_zmse": {
    "E": 0.4353104105804552,
    "T": 0.4633701790738188,
    "total": 0.449340294827137,
    "E_fired": 0.8023885689537951,
    "T_fired": 1.0056939743882622,
    "E_fired_vs_fired": 0.6189791598229908,
    "T_fired_vs_fired": 0.5828861952091902,
    "total_fired_vs_fired": 0.6009326775160905
  },
  "max_R2": {
    "E": 0.5646895894195447,
    "T": 0.5366298209261813,
    "total": 0.550659705172863,
    "E_fired_vs_fired": 0.3810208401770092,
    "T_fired_vs_fired": 0.41711380479080984,
    "total_fired_vs_fired": 0.3990673224839095
  },
  "STRATEGIES": [
    [
      "grid_jit20",
      "layout_grid",
      {
        "jitter_sigma": 20.0
      }
    ],
    [
      "grid_jit200",
      "layout_grid",
      {
        "jitter_sigma": 200.0
      }
    ],
    [
      "center_gauss200",
      "layout_center_gaussian",
      {
        "sigma": 200.0
      }
    ],
    [
      "center_gauss400",
      "layout_center_gaussian",
      {
        "sigma": 400.0
      }
    ],
    [
      "rings_R300",
      "layout_rings",
      {
        "outer_radius": 300.0,
        "n_rings": 5,
        "jitter_sigma": 200.0
      }
    ],
    [
      "rings_R800",
      "layout_rings",
      {
        "outer_radius": 800.0,
        "n_rings": 6,
        "jitter_sigma": 200.0
      }
    ],
    [
      "rings_R1800",
      "layout_rings",
      {
        "outer_radius": 1800.0,
        "n_rings": 8,
        "jitter_sigma": 200.0
      }
    ]
  ],
  "sigma_spatial": 200
}