{
  "n_prim": 128,
  "m_real": 64,
  "n_strategies": 7,
  "recenter": true,
  "fire_eps": 0.001,
  "corpus_std": {
    "E": 3.794630289077759,
    "T": 1.064819574356079
  },
  "within_group_std": {
    "E": 2.099761486053467,
    "T": 0.6854478716850281
  },
  "fired_fraction": 0.3778236508369446,
  "floor_zmse": {
    "E": 0.3061970569343512,
    "T": 0.4143781022309343,
    "total": 0.36028757958264274,
    "E_fired": 0.7543026541768255,
    "T_fired": 1.0617217220071284
  },
  "max_R2": {
    "E": 0.6938029430656488,
    "T": 0.5856218977690657,
    "total": 0.6397124204173572
  }
}